OrderID,OrderDate,Product,Category,Quantity,UnitPrice,Discount,Region,Channel,CustomerID,TotalAmount
10001,2024-02-11T00:00:00.000000000,Laptop,Electronics,8,927.18,0.1,West,Store,1692.0,6675.7
10002,2024-08-25T00:00:00.000000000,Charger,Accessories,7,27.46,0.0,East,Online,1533.0,192.22
10003,2024-12-17T00:00:00.000000000,Mouse,Accessories,6,45.21,0.15,West,Partner,1997.0,230.57
10004,2024-11-12T00:00:00.000000000,Monitor,Electronics,8,346.89,0.0,West,Store,1771.0,2775.12
10005,2024-04-10T00:00:00.000000000,Monitor,Electronics,2,368.19,0.0,East,Online,1016.0,736.38
10006,2024-06-14T00:00:00.000000000,Cable,Accessories,9,13.78,0.0,South,Store,1378.0,124.02
10007,2024-07-12T00:00:00.000000000,Laptop,Electronics,8,948.27,0.05,East,Online,1289.0,7206.85
10008,2024-03-31T00:00:00.000000000,Mouse,Accessories,5,55.33,0.1,South,Partner,1587.0,248.98
10009,2024-04-08T00:00:00.000000000,Tablet,Electronics,7,431.42,0.0,East,Partner,1265.0,3019.94
10010,2024-03-27T00:00:00.000000000,Laptop,Electronics,5,987.24,0.0,West,Partner,1966.0,4936.2
10011,2024-12-29T00:00:00.000000000,Keyboard,Accessories,3,84.01,0.0,South,Online,1299.0,252.03
10012,2024-09-29T00:00:00.000000000,Stand,Furniture,8,79.67,0.15,East,Online,1521.0,541.76
10013,2024-11-02T00:00:00.000000000,Charger,Accessories,3,25.06,0.2,North,Online,1122.0,60.14
10014,2024-10-25T00:00:00.000000000,Charger,Accessories,3,25.85,0.15,East,Online,1909.0,65.92
10015,2024-12-16T00:00:00.000000000,Charger,Accessories,5,32.64,0.0,South,Online,1911.0,163.2
10016,2024-02-08T00:00:00.000000000,Charger,Accessories,8,24.73,0.15,South,Online,1793.0,168.16
10017,2024-11-17T00:00:00.000000000,Keyboard,Accessories,4,71.61,,East,Partner,1351.0,257.8
10018,2024-01-25T00:00:00.000000000,Phone,Electronics,5,600.71,0.05,North,Online,1058.0,2853.37
10019,2024-06-22T00:00:00.000000000,Cable,Accessories,1,13.25,0.0,East,Online,1710.0,13.25
10020,2024-08-04T00:00:00.000000000,Monitor,Electronics,2,361.58,0.2,East,Store,1429.0,578.53
10021,2024-05-10T00:00:00.000000000,Keyboard,Accessories,1,72.88,0.05,South,Store,1990.0,69.24
10022,2024-02-23T00:00:00.000000000,Headphones,Accessories,1,152.09,0.0,North,Store,1698.0,152.09
10023,2024-03-11T00:00:00.000000000,Phone,Electronics,8,717.91,0.0,South,Store,1538.0,5743.28
10024,2024-10-28T00:00:00.000000000,Stand,Furniture,8,98.33,0.0,North,Partner,1986.0,786.64
10025,2024-04-26T00:00:00.000000000,Charger,Accessories,8,24.69,0.0,South,Store,1800.0,197.52
10026,2024-04-23T00:00:00.000000000,Mouse,Accessories,1,54.19,0.0,East,Online,1458.0,54.19
10027,2024-12-03T00:00:00.000000000,Monitor,Electronics,1,361.47,,North,Store,1018.0,343.4
10028,2024-02-22T00:00:00.000000000,Cable,Accessories,3,13.48,0.2,East,Online,1092.0,32.35
10029,2024-11-30T00:00:00.000000000,Keyboard,Accessories,6,85.47,0.0,North,Online,1443.0,512.82
10030,2024-12-02T00:00:00.000000000,Monitor,Electronics,4,386.22,0.1,West,Online,1562.0,1390.39
10031,2024-08-06T00:00:00.000000000,Monitor,Electronics,5,323.27,0.2,East,Online,1030.0,1293.08
10032,2024-03-01T00:00:00.000000000,Tablet,Electronics,2,561.69,0.15,South,Store,1126.0,954.87
10033,2024-02-26T00:00:00.000000000,Laptop,Electronics,7,985.35,0.2,East,Online,1704.0,5517.96
10034,2024-04-13T00:00:00.000000000,Keyboard,Accessories,3,81.45,0.0,North,Online,1751.0,244.35
10035,2024-07-29T00:00:00.000000000,Cable,Accessories,1,17.18,0.15,North,Online,1029.0,14.6
10036,2024-02-26T00:00:00.000000000,Laptop,Electronics,7,957.5,0.2,West,Store,1507.0,5362.0
10037,2024-06-15T00:00:00.000000000,Cable,Accessories,9,16.41,0.0,West,Online,1080.0,147.69
10038,2024-02-12T00:00:00.000000000,Cable,Accessories,1,14.18,0.05,North,Store,1723.0,13.47
10039,2024-07-16T00:00:00.000000000,Tablet,Electronics,4,543.79,0.05,South,Partner,1834.0,2066.4
10040,2024-01-08T00:00:00.000000000,Mouse,Accessories,8,50.48,0.05,North,Online,1869.0,383.65
10041,2024-09-15T00:00:00.000000000,Phone,Electronics,7,639.52,0.0,South,Store,1598.0,4476.64
10042,2024-01-21T00:00:00.000000000,Charger,Accessories,8,28.25,0.2,South,Online,1628.0,180.8
10043,2024-03-12T00:00:00.000000000,Charger,Accessories,4,27.41,0.2,South,Online,1926.0,87.71
10044,2024-03-04T00:00:00.000000000,Headphones,Accessories,4,130.14,0.0,East,Store,1612.0,520.56
10045,2024-10-30T00:00:00.000000000,Laptop,Electronics,7,858.09,0.15,North,Partner,1446.0,5105.64
10046,2024-01-20T00:00:00.000000000,Stand,Furniture,2,84.9,0.0,West,Online,1754.0,169.8
10047,2024-06-05T00:00:00.000000000,Monitor,Electronics,3,298.64,0.15,East,Store,1590.0,761.53
10048,2024-08-03T00:00:00.000000000,Cable,Accessories,6,13.49,0.1,West,Online,1842.0,72.85
10049,2024-07-07T00:00:00.000000000,Mouse,Accessories,7,52.31,0.05,North,Store,1524.0,347.86
10050,2024-09-05T00:00:00.000000000,Charger,Accessories,2,30.81,0.0,East,Store,1869.0,61.62
10051,2024-10-20T00:00:00.000000000,Charger,Accessories,5,31.08,0.1,West,Store,1044.0,139.86
10052,2024-05-23T00:00:00.000000000,Phone,Electronics,4,660.66,0.0,North,Store,1036.0,2642.64
10053,2024-10-29T00:00:00.000000000,Headphones,Accessories,5,166.43,0.0,West,Online,1099.0,832.15
10054,2024-04-26T00:00:00.000000000,Monitor,Electronics,9,358.82,0.0,South,Store,1556.0,3229.38
10055,2024-12-25T00:00:00.000000000,Monitor,Electronics,1,309.84,0.2,West,Store,1708.0,247.87
10056,2024-07-03T00:00:00.000000000,Laptop,Electronics,9,892.22,0.0,South,Store,1216.0,8029.98
10057,2024-09-25T00:00:00.000000000,Keyboard,Accessories,5,83.58,0.15,West,Online,1155.0,355.22
10058,2024-11-15T00:00:00.000000000,Phone,Electronics,7,630.42,0.2,North,Online,1860.0,3530.35
10059,2024-10-16T00:00:00.000000000,Charger,Accessories,4,29.06,0.0,South,Online,1750.0,116.24
10060,2024-11-06T00:00:00.000000000,Mouse,Accessories,3,56.23,0.1,South,Online,1648.0,151.82
10061,2024-07-14T00:00:00.000000000,Stand,Furniture,7,75.76,0.1,North,Online,1488.0,477.29
10062,2024-01-16T00:00:00.000000000,Charger,Accessories,7,24.79,0.0,South,Online,1420.0,173.53
10063,2024-06-28T00:00:00.000000000,Headphones,Accessories,2,171.04,0.1,South,Store,1020.0,307.87
10064,2024-03-07T00:00:00.000000000,Stand,Furniture,7,91.26,0.0,North,Online,1188.0,638.82
10065,2024-11-20T00:00:00.000000000,Monitor,Electronics,7,309.94,0.05,East,Store,1896.0,2061.1
10066,2024-03-27T00:00:00.000000000,Headphones,Accessories,4,166.76,0.05,East,Online,1339.0,633.69
10067,2024-03-24T00:00:00.000000000,Stand,Furniture,9,99.16,0.15,West,Store,1704.0,758.57
10068,2024-04-01T00:00:00.000000000,Headphones,Accessories,6,150.62,0.1,East,Online,1703.0,813.35
10069,2024-08-22T00:00:00.000000000,Laptop,Electronics,4,1035.5,0.0,North,Online,1309.0,4142.0
10070,2024-07-27T00:00:00.000000000,Monitor,Electronics,1,325.25,0.2,North,Store,1204.0,260.2
10071,2024-12-12T00:00:00.000000000,Charger,Accessories,7,25.09,0.15,South,Partner,1691.0,149.29
10072,2024-05-31T00:00:00.000000000,Phone,Electronics,2,718.83,0.2,South,Online,1093.0,1150.13
10073,2024-04-13T00:00:00.000000000,Monitor,Electronics,7,327.51,0.15,North,Online,1494.0,1948.68
10074,2024-01-18T00:00:00.000000000,Phone,Electronics,5,733.31,0.0,West,Store,1888.0,3666.55
10075,2024-01-03T00:00:00.000000000,Mouse,Accessories,5,53.94,0.15,East,Store,1711.0,229.24
10076,2024-05-16T00:00:00.000000000,Monitor,Electronics,2,298.55,0.0,East,Online,1764.0,597.1
10077,2024-12-03T00:00:00.000000000,Headphones,Accessories,7,153.28,0.0,North,Online,1083.0,1072.96
10078,2024-07-10T00:00:00.000000000,Tablet,Electronics,2,458.77,0.05,West,Online,1199.0,871.66
10079,2024-11-22T00:00:00.000000000,Keyboard,Accessories,4,87.86,0.2,North,Partner,1275.0,281.15
10080,2024-02-07T00:00:00.000000000,Mouse,Accessories,8,45.38,0.05,South,Online,1292.0,344.89
10081,2024-02-04T00:00:00.000000000,Stand,Furniture,9,91.96,0.0,South,Online,1194.0,827.64
10082,2024-10-31T00:00:00.000000000,Monitor,Electronics,9,354.61,0.05,West,Partner,1972.0,3031.92
10083,2024-02-08T00:00:00.000000000,Phone,Electronics,9,677.23,0.0,South,Online,1164.0,6095.07
10084,2024-01-19T00:00:00.000000000,Cable,Accessories,6,15.8,0.1,North,Online,1708.0,85.32
10085,2024-05-27T00:00:00.000000000,Mouse,Accessories,2,52.32,0.0,South,Online,1586.0,104.64
10086,2024-12-03T00:00:00.000000000,Charger,Accessories,8,29.58,0.05,South,Online,1610.0,224.81
10087,2024-09-08T00:00:00.000000000,Laptop,Electronics,8,1076.45,0.0,North,Online,1214.0,8611.6
10088,2024-02-06T00:00:00.000000000,Headphones,Accessories,9,170.61,0.0,North,Online,1307.0,1535.49
10089,2024-11-01T00:00:00.000000000,Charger,Accessories,6,28.3,0.2,North,Store,1606.0,135.84
10090,2024-11-03T00:00:00.000000000,Cable,Accessories,2,15.07,0.0,South,Store,1299.0,30.14
10091,2024-10-19T00:00:00.000000000,Monitor,Electronics,5,297.96,0.0,South,Online,1694.0,1489.8
10092,2024-11-25T00:00:00.000000000,Cable,Accessories,5,16.33,0.0,South,Store,1039.0,81.65
10093,2024-03-28T00:00:00.000000000,Cable,Accessories,8,15.09,0.05,East,Online,1072.0,114.68
10094,2024-12-23T00:00:00.000000000,Headphones,Accessories,4,144.89,0.0,North,Partner,1728.0,579.56
10095,2024-04-27T00:00:00.000000000,Cable,Accessories,3,13.17,0.0,West,Online,1616.0,39.51
10096,2024-10-19T00:00:00.000000000,Tablet,Electronics,1,557.33,0.0,West,Store,1043.0,557.33
10097,2024-07-30T00:00:00.000000000,Tablet,Electronics,8,483.28,0.05,North,Online,,3672.93
10098,2024-10-11T00:00:00.000000000,Mouse,Accessories,7,51.68,0.15,South,Store,1004.0,307.5
10099,2024-08-17T00:00:00.000000000,Mouse,Accessories,1,43.85,0.2,North,Online,1955.0,35.08
10100,2024-08-22T00:00:00.000000000,Phone,Electronics,4,795.79,0.0,South,Store,1729.0,3183.16
10101,2024-08-12T00:00:00.000000000,Cable,Accessories,5,13.55,0.2,South,Online,1988.0,54.2
10102,2024-10-11T00:00:00.000000000,Phone,Electronics,5,635.99,0.0,North,Partner,1948.0,3179.95
10103,2024-09-26T00:00:00.000000000,Cable,Accessories,9,16.62,0.15,North,Online,1313.0,127.14
10104,2024-02-19T00:00:00.000000000,Laptop,Electronics,2,1122.65,0.05,South,Store,1756.0,2133.04
10105,2024-10-28T00:00:00.000000000,Charger,Accessories,3,26.5,0.15,East,Store,1210.0,67.58
10106,2024-07-14T00:00:00.000000000,Charger,Accessories,2,28.74,0.15,South,Partner,1471.0,48.86
10107,2024-04-27T00:00:00.000000000,Charger,Accessories,3,31.03,0.05,West,Online,1240.0,88.44
10108,2024-07-06T00:00:00.000000000,Mouse,Accessories,9,54.56,0.0,South,Online,1486.0,491.04
10109,2024-12-18T00:00:00.000000000,Monitor,Electronics,9,336.34,0.05,West,Online,1872.0,2875.71
10110,2024-11-09T00:00:00.000000000,Charger,Accessories,1,29.15,0.15,North,Online,1436.0,24.78
10111,2024-10-31T00:00:00.000000000,Tablet,Electronics,6,535.18,0.2,East,Store,1092.0,2568.86
10112,2024-06-17T00:00:00.000000000,Charger,Accessories,3,31.01,0.2,West,Partner,1324.0,74.42
10113,2024-10-13T00:00:00.000000000,Keyboard,Accessories,2,85.71,0.0,North,Partner,1786.0,171.42
10114,2024-05-20T00:00:00.000000000,Monitor,Electronics,3,356.32,0.1,West,Online,1521.0,962.06
10115,2024-09-07T00:00:00.000000000,Keyboard,Accessories,2,69.63,0.0,South,Store,1560.0,139.26
10116,2024-08-21T00:00:00.000000000,Keyboard,Accessories,5,88.57,0.1,South,Partner,1431.0,61334.0
10117,2024-04-01T00:00:00.000000000,Laptop,Electronics,9,1108.56,0.2,East,Partner,1292.0,7981.63
10118,2024-04-07T00:00:00.000000000,Phone,Electronics,6,761.51,0.0,East,Online,1598.0,4569.06
10119,2024-01-23T00:00:00.000000000,Tablet,Electronics,7,439.1,0.1,North,Online,1633.0,2766.33
10120,2024-02-21T00:00:00.000000000,Phone,Electronics,5,637.01,0.2,West,Store,1898.0,2548.04
10121,2024-06-07T00:00:00.000000000,Monitor,Electronics,1,374.5,0.15,East,Online,1617.0,318.32
10122,2024-06-23T00:00:00.000000000,Mouse,Accessories,1,41.99,0.0,West,Online,1995.0,41.99
10123,2024-03-01T00:00:00.000000000,Mouse,Accessories,3,56.04,0.0,South,Partner,1826.0,168.12
10124,2024-06-01T00:00:00.000000000,Monitor,Electronics,3,336.14,0.2,East,Partner,1078.0,806.74
10125,2024-08-08T00:00:00.000000000,Cable,Accessories,8,15.99,0.2,South,Partner,1392.0,102.34
10126,2024-03-25T00:00:00.000000000,Keyboard,Accessories,8,88.19,0.1,West,Store,1384.0,634.97
10127,2024-05-03T00:00:00.000000000,Laptop,Electronics,8,967.42,0.2,West,Online,1003.0,6191.49
10128,2024-05-14T00:00:00.000000000,Charger,Accessories,6,27.43,0.0,West,Online,1180.0,164.58
10129,2024-07-03T00:00:00.000000000,Keyboard,Accessories,6,81.58,0.1,East,Online,1762.0,440.53
10130,2024-05-13T00:00:00.000000000,Mouse,Accessories,6,50.19,0.0,West,Store,1352.0,301.14
10131,2024-09-25T00:00:00.000000000,Keyboard,Accessories,4,76.85,0.2,South,Online,1147.0,245.92
10132,2024-04-29T00:00:00.000000000,Keyboard,Accessories,7,81.41,0.1,South,Store,1287.0,512.88
10133,2024-06-07T00:00:00.000000000,Laptop,Electronics,8,1129.48,0.2,West,Online,1274.0,7228.67
10134,2024-05-18T00:00:00.000000000,Keyboard,Accessories,7,78.23,0.05,North,Store,1174.0,520.23
10135,2024-03-07T00:00:00.000000000,Charger,Accessories,6,26.36,0.0,East,Online,1101.0,158.16
10136,2024-09-07T00:00:00.000000000,Headphones,Accessories,1,143.51,0.0,North,Online,1764.0,143.51
10137,2024-03-26T00:00:00.000000000,Mouse,Accessories,7,47.44,0.0,East,Online,1824.0,332.08
10138,2024-04-18T00:00:00.000000000,Laptop,Electronics,4,888.44,0.15,South,Online,,3020.7
10139,2024-10-16T00:00:00.000000000,Headphones,Accessories,7,133.93,0.0,South,Partner,1615.0,937.51
10140,2024-12-12T00:00:00.000000000,Monitor,Electronics,5,368.32,0.15,South,Online,1919.0,1565.36
10141,2024-09-01T00:00:00.000000000,Stand,Furniture,8,84.71,0.0,South,Online,1842.0,677.68
10142,2024-11-30T00:00:00.000000000,Tablet,Electronics,4,567.1,0.05,South,Store,1032.0,2154.98
10143,2024-11-07T00:00:00.000000000,Tablet,Electronics,9,460.62,0.0,South,Store,1952.0,4145.58
10144,2024-06-24T00:00:00.000000000,Monitor,Electronics,8,307.01,0.05,East,Online,1066.0,2333.28
10145,2024-10-08T00:00:00.000000000,Stand,Furniture,3,95.77,0.05,West,Online,1026.0,272.94
10146,2024-04-29T00:00:00.000000000,Cable,Accessories,5,16.71,0.0,East,Online,1403.0,83.55
10147,2024-06-17T00:00:00.000000000,Laptop,Electronics,5,932.5,0.05,East,Store,1745.0,4429.38
10148,2024-07-14T00:00:00.000000000,Tablet,Electronics,7,454.4,0.15,West,Online,1080.0,2703.68
10149,2024-12-16T00:00:00.000000000,Cable,Accessories,7,13.59,0.2,West,Online,1292.0,76.1
10150,2024-11-05T00:00:00.000000000,Laptop,Electronics,8,1005.6,0.0,North,Online,1262.0,8044.8
10151,2024-06-27T00:00:00.000000000,Cable,Accessories,4,14.86,0.2,East,Store,1397.0,47.55
10152,2024-08-26T00:00:00.000000000,Tablet,Electronics,5,462.99,0.2,North,Online,1986.0,1851.96
10153,2024-03-14T00:00:00.000000000,Stand,Furniture,4,76.86,0.2,North,Store,1331.0,245.95
10154,2024-10-20T00:00:00.000000000,Tablet,Electronics,9,496.23,0.0,West,Online,1208.0,4466.07
10155,2024-07-20T00:00:00.000000000,Monitor,Electronics,3,397.09,0.15,North,Store,1122.0,1012.58
10156,2024-07-13T00:00:00.000000000,Mouse,Accessories,6,51.24,0.05,West,Online,1198.0,292.07
10157,2024-10-06T00:00:00.000000000,Phone,Electronics,2,698.06,0.0,West,Online,1133.0,1396.12
10158,2024-08-19T00:00:00.000000000,Keyboard,Accessories,8,69.77,0.0,West,Online,1573.0,558.16
10159,2024-01-27T00:00:00.000000000,Keyboard,Accessories,4,73.13,0.1,East,Store,1420.0,95734.0
10160,2024-04-15T00:00:00.000000000,Charger,Accessories,4,27.21,0.0,West,Partner,1497.0,108.84
10161,2024-03-05T00:00:00.000000000,Stand,Furniture,6,96.07,0.05,North,Online,1832.0,547.6
10162,2024-09-25T00:00:00.000000000,Mouse,Accessories,5,54.54,0.15,West,Online,1580.0,231.8
10163,2024-01-13T00:00:00.000000000,Monitor,Electronics,8,391.05,0.0,North,Partner,1155.0,3128.4
10164,2024-03-14T00:00:00.000000000,Monitor,Electronics,5,399.73,0.05,South,Online,1376.0,1898.72
10165,2024-08-06T00:00:00.000000000,Monitor,Electronics,5,399.5,0.0,North,Online,1312.0,1997.5
10166,2024-09-10T00:00:00.000000000,Cable,Accessories,1,17.04,0.05,South,Online,1826.0,16.19
10167,2024-07-02T00:00:00.000000000,Headphones,Accessories,1,129.86,0.0,East,Store,1307.0,129.86
10168,2024-11-10T00:00:00.000000000,Phone,Electronics,4,623.05,0.2,South,Store,1138.0,1993.76
10169,2024-12-01T00:00:00.000000000,Headphones,Accessories,9,140.26,0.0,West,Store,1736.0,1262.34
10170,2024-02-18T00:00:00.000000000,Laptop,Electronics,9,1014.85,0.2,East,Partner,1428.0,7306.92
10171,2024-12-13T00:00:00.000000000,Phone,Electronics,6,614.49,0.15,East,Online,1095.0,3133.9
10172,2024-08-12T00:00:00.000000000,Laptop,Electronics,6,1102.64,0.15,West,Online,1689.0,5623.46
10173,2024-08-20T00:00:00.000000000,Charger,Accessories,4,30.02,0.15,South,Online,1210.0,102.07
10174,2024-02-04T00:00:00.000000000,Charger,Accessories,2,29.37,0.0,South,Online,1868.0,58.74
10175,2024-08-14T00:00:00.000000000,Mouse,Accessories,1,44.08,0.2,West,Online,1832.0,35.26
10176,2024-09-21T00:00:00.000000000,Monitor,Electronics,4,323.17,0.1,East,Online,1369.0,1163.41
10177,2024-07-30T00:00:00.000000000,Charger,Accessories,3,26.04,0.2,East,Online,1555.0,62.5
10178,2024-01-31T00:00:00.000000000,Phone,Electronics,2,772.8,0.2,South,Store,1567.0,1236.48
10179,2024-07-09T00:00:00.000000000,Stand,Furniture,3,91.25,0.1,North,Online,1653.0,246.38
10180,2024-12-07T00:00:00.000000000,Keyboard,Accessories,1,84.57,0.0,North,Online,1069.0,84.57
10181,2024-09-21T00:00:00.000000000,Stand,Furniture,6,83.55,0.0,North,Store,1324.0,501.3
10182,2024-02-20T00:00:00.000000000,Phone,Electronics,9,672.0,0.0,North,Store,1170.0,6048.0
10183,2024-12-16T00:00:00.000000000,Monitor,Electronics,7,339.04,0.0,East,Store,1697.0,2373.28
10184,2024-12-15T00:00:00.000000000,Mouse,Accessories,5,52.82,0.15,North,Store,1069.0,224.48
10185,2024-03-02T00:00:00.000000000,Monitor,Electronics,4,377.52,0.05,East,Store,1516.0,1434.58
10186,2024-10-19T00:00:00.000000000,Monitor,Electronics,3,318.3,0.05,West,Online,1727.0,907.16
10187,2024-05-28T00:00:00.000000000,Phone,Electronics,2,791.59,0.0,West,Online,1948.0,1583.18
10188,2024-08-04T00:00:00.000000000,Headphones,Accessories,6,132.04,0.05,South,Store,1288.0,752.63
10189,2024-06-11T00:00:00.000000000,Tablet,Electronics,6,558.3,0.1,North,Online,1007.0,3014.82
10190,2024-10-12T00:00:00.000000000,Headphones,Accessories,1,131.14,0.2,West,Online,1723.0,104.91
10191,2024-12-29T00:00:00.000000000,Mouse,Accessories,4,45.54,0.15,North,Online,1001.0,154.84
10192,2024-10-17T00:00:00.000000000,Mouse,Accessories,3,54.09,0.1,East,Online,1066.0,146.04
10193,2024-12-05T00:00:00.000000000,Mouse,Accessories,2,44.29,0.2,East,Online,1990.0,70.86
10194,2024-12-11T00:00:00.000000000,Headphones,Accessories,7,145.14,0.0,North,Online,1862.0,1015.98
10195,2024-02-02T00:00:00.000000000,Stand,Furniture,5,87.66,0.2,East,Store,1707.0,350.64
10196,2024-04-02T00:00:00.000000000,Laptop,Electronics,6,922.65,0.0,North,Partner,1835.0,5535.9
10197,2024-09-20T00:00:00.000000000,Headphones,Accessories,7,158.4,0.0,North,Online,1075.0,1108.8
10198,2024-08-03T00:00:00.000000000,Phone,Electronics,9,772.67,0.0,West,Partner,1088.0,6954.03
10199,2024-01-19T00:00:00.000000000,Headphones,Accessories,8,165.74,0.0,West,Online,1300.0,1325.92
10200,2024-02-04T00:00:00.000000000,Stand,Furniture,6,84.71,0.0,South,Partner,1023.0,508.26
10201,2024-07-08T00:00:00.000000000,Headphones,Accessories,8,150.38,0.2,West,Partner,1888.0,962.43
10202,2024-08-12T00:00:00.000000000,Stand,Furniture,5,82.28,0.15,West,Online,1056.0,349.69
10203,2024-03-02T00:00:00.000000000,Monitor,Electronics,9,322.28,0.0,West,Store,1544.0,2900.52
10204,2024-03-03T00:00:00.000000000,Mouse,Accessories,7,44.02,0.15,North,Partner,1853.0,261.92
10205,2024-02-17T00:00:00.000000000,Monitor,Electronics,6,395.07,0.0,South,Partner,1734.0,2370.42
10206,2024-07-25T00:00:00.000000000,Tablet,Electronics,9,557.08,0.0,East,Partner,1234.0,5013.72
10207,2024-01-03T00:00:00.000000000,Charger,Accessories,5,31.41,0.1,West,Store,1470.0,141.35
10208,2024-07-27T00:00:00.000000000,Stand,Furniture,7,89.47,0.0,West,Online,1548.0,626.29
10209,2024-06-22T00:00:00.000000000,Tablet,Electronics,3,497.59,0.15,South,Store,1767.0,1268.85
10210,2024-06-19T00:00:00.000000000,Charger,Accessories,9,29.26,0.2,North,Store,1426.0,210.67
10211,2024-09-04T00:00:00.000000000,Tablet,Electronics,6,504.47,0.0,West,Store,1285.0,3026.82
10212,2024-07-09T00:00:00.000000000,Charger,Accessories,8,28.43,0.0,South,Online,1795.0,227.44
10213,2024-09-22T00:00:00.000000000,Charger,Accessories,5,25.8,0.2,South,Store,1886.0,103.2
10214,2024-10-05T00:00:00.000000000,Monitor,Electronics,8,309.81,0.05,West,Online,1488.0,2354.56
10215,2024-12-01T00:00:00.000000000,Charger,Accessories,1,32.93,0.05,East,Store,1028.0,31.28
10216,2024-10-18T00:00:00.000000000,Tablet,Electronics,2,496.31,0.05,South,Online,1500.0,942.99
10217,2024-07-07T00:00:00.000000000,Laptop,Electronics,5,1134.83,0.05,North,Store,1889.0,5390.44
10218,2024-06-28T00:00:00.000000000,Laptop,Electronics,7,898.17,0.1,South,Store,1989.0,5658.47
10219,2024-03-27T00:00:00.000000000,Monitor,Electronics,8,354.7,0.1,West,Online,1401.0,2553.84
10220,2024-08-06T00:00:00.000000000,Stand,Furniture,4,81.2,0.0,South,Online,1150.0,324.8
10221,2024-02-20T00:00:00.000000000,Phone,Electronics,6,647.24,0.1,East,Online,1572.0,3495.1
10222,2024-12-05T00:00:00.000000000,Monitor,Electronics,5,299.8,0.1,South,Partner,1830.0,1349.1
10223,2024-11-04T00:00:00.000000000,Charger,Accessories,9,25.68,0.0,West,Store,1945.0,231.12
10224,2024-02-13T00:00:00.000000000,Tablet,Electronics,6,561.4,0.0,West,Online,1051.0,3368.4
10225,2024-10-13T00:00:00.000000000,Charger,Accessories,4,27.45,0.15,East,Online,1290.0,93.33
10226,2024-02-12T00:00:00.000000000,Headphones,Accessories,9,153.83,0.1,West,Online,1477.0,1246.02
10227,2024-09-20T00:00:00.000000000,Cable,Accessories,1,14.84,0.0,East,Online,1098.0,14.84
10228,2024-02-02T00:00:00.000000000,Keyboard,Accessories,9,76.64,0.0,South,Partner,1886.0,689.76
10229,2024-06-27T00:00:00.000000000,Keyboard,Accessories,2,79.76,0.1,East,Store,1112.0,143.57
10230,2024-08-28T00:00:00.000000000,Phone,Electronics,3,633.41,0.05,West,Online,1665.0,1805.22
10231,2024-09-23T00:00:00.000000000,Monitor,Electronics,8,400.16,0.2,West,Partner,1918.0,2561.02
10232,2024-06-01T00:00:00.000000000,Cable,Accessories,7,16.43,0.05,North,Online,1685.0,109.26
10233,2024-12-02T00:00:00.000000000,Laptop,Electronics,9,1071.41,0.2,East,Partner,1763.0,7714.15
10234,2024-10-09T00:00:00.000000000,Charger,Accessories,7,28.73,0.0,North,Online,1263.0,201.11
10235,2024-03-17T00:00:00.000000000,Monitor,Electronics,6,312.66,0.05,East,Store,1827.0,1782.16
10236,2024-09-01T00:00:00.000000000,Charger,Accessories,4,32.66,0.0,East,Partner,1418.0,130.64
10237,2024-09-23T00:00:00.000000000,Mouse,Accessories,1,46.67,0.1,South,Online,1061.0,42.0
10238,2024-05-01T00:00:00.000000000,Monitor,Electronics,2,301.9,0.0,West,Store,1366.0,603.8
10239,2024-09-26T00:00:00.000000000,Headphones,Accessories,3,141.96,0.05,West,Partner,1349.0,404.59
10240,2024-11-23T00:00:00.000000000,Mouse,Accessories,1,53.33,0.0,North,Online,1521.0,53.33
10241,2024-10-25T00:00:00.000000000,Phone,Electronics,5,724.73,0.0,North,Online,1264.0,3623.65
10242,2024-10-05T00:00:00.000000000,Keyboard,Accessories,7,84.94,0.0,North,Store,1462.0,594.58
10243,2024-08-19T00:00:00.000000000,Laptop,Electronics,9,1087.0,0.05,West,Online,1427.0,9293.85
10244,2024-04-08T00:00:00.000000000,Mouse,Accessories,5,44.77,0.2,East,Online,1326.0,179.08
10245,2024-10-17T00:00:00.000000000,Mouse,Accessories,8,55.23,0.0,East,Online,,441.84
10246,2024-05-12T00:00:00.000000000,Laptop,Electronics,9,980.42,0.0,West,Store,1305.0,8823.78
10247,2024-07-13T00:00:00.000000000,Charger,Accessories,8,30.21,0.0,West,Online,1765.0,241.68
10248,2024-04-24T00:00:00.000000000,Monitor,Electronics,5,296.89,0.15,North,Online,1250.0,1261.78
10249,2024-04-24T00:00:00.000000000,Charger,Accessories,3,33.29,0.0,North,Store,1864.0,99.87
10250,2024-02-27T00:00:00.000000000,Laptop,Electronics,9,933.33,0.2,South,Online,1365.0,6719.98
10251,2024-12-16T00:00:00.000000000,Phone,Electronics,3,607.16,0.0,South,Store,1040.0,1821.48
10252,2024-02-23T00:00:00.000000000,Monitor,Electronics,4,344.63,0.0,East,Online,1149.0,1378.52
10253,2024-02-01T00:00:00.000000000,Phone,Electronics,1,621.21,0.1,North,Partner,1806.0,559.09
10254,2024-12-07T00:00:00.000000000,Headphones,Accessories,8,133.46,0.1,South,Store,1872.0,960.91
10255,2024-07-21T00:00:00.000000000,Mouse,Accessories,6,50.94,0.2,North,Online,1211.0,244.51
10256,2024-06-08T00:00:00.000000000,Phone,Electronics,1,676.55,0.2,North,Partner,1602.0,541.24
10257,2024-09-26T00:00:00.000000000,Mouse,Accessories,2,55.2,0.2,North,Online,1574.0,88.32
10258,2024-05-19T00:00:00.000000000,Phone,Electronics,5,661.08,0.1,North,Online,1133.0,2974.86
10259,2024-02-16T00:00:00.000000000,Phone,Electronics,5,746.43,0.0,East,Online,1451.0,3732.15
10260,2024-09-23T00:00:00.000000000,Keyboard,Accessories,8,78.08,0.05,South,Store,1693.0,593.41
10261,2024-03-05T00:00:00.000000000,Charger,Accessories,3,30.39,0.0,South,Online,1967.0,91.17
10262,2024-07-20T00:00:00.000000000,Phone,Electronics,9,719.91,0.05,South,Online,1847.0,6155.23
10263,2024-12-12T00:00:00.000000000,Tablet,Electronics,5,494.93,0.0,East,Online,1097.0,2474.65
10264,2024-12-07T00:00:00.000000000,Stand,Furniture,8,101.02,0.0,West,Online,1237.0,808.16
10265,2024-05-11T00:00:00.000000000,Stand,Furniture,3,84.8,0.0,East,Online,1436.0,254.4
10266,2024-10-11T00:00:00.000000000,Keyboard,Accessories,1,71.35,0.05,East,Online,1150.0,67.78
10267,2024-08-11T00:00:00.000000000,Monitor,Electronics,1,367.65,0.0,East,Online,1570.0,367.65
10268,2024-06-23T00:00:00.000000000,Headphones,Accessories,4,164.47,0.2,East,Online,1008.0,526.3
10269,2024-02-21T00:00:00.000000000,Mouse,Accessories,9,42.24,0.05,North,Store,1113.0,361.15
10270,2024-05-17T00:00:00.000000000,Keyboard,Accessories,1,77.81,0.2,West,Online,1047.0,62.25
10271,2024-08-25T00:00:00.000000000,Tablet,Electronics,4,557.76,0.1,North,Store,1295.0,2007.94
10272,2024-12-26T00:00:00.000000000,Laptop,Electronics,1,1073.81,0.0,South,Online,1762.0,1073.81
10273,2024-01-02T00:00:00.000000000,Phone,Electronics,9,802.13,0.0,East,Online,1177.0,7219.17
10274,2024-09-18T00:00:00.000000000,Stand,Furniture,7,89.84,0.1,South,Online,1987.0,565.99
10275,2024-11-04T00:00:00.000000000,Monitor,Electronics,7,365.75,0.05,North,Online,1269.0,2432.24
10276,2024-12-13T00:00:00.000000000,Monitor,Electronics,7,328.32,0.0,West,Online,1044.0,2298.24
10277,2024-06-03T00:00:00.000000000,Monitor,Electronics,6,395.86,0.05,North,Store,1335.0,2256.4
10278,2024-02-13T00:00:00.000000000,Charger,Accessories,7,27.84,0.2,North,Online,1748.0,155.9
10279,2024-04-08T00:00:00.000000000,Laptop,Electronics,1,1070.48,0.0,West,Online,1106.0,1070.48
10280,2024-11-06T00:00:00.000000000,Laptop,Electronics,8,969.97,0.0,East,Store,1071.0,7759.76
10281,2024-11-16T00:00:00.000000000,Tablet,Electronics,7,508.25,0.0,North,Online,1849.0,3557.75
10282,2024-08-20T00:00:00.000000000,Monitor,Electronics,7,372.01,0.2,West,Online,1592.0,2083.26
10283,2024-02-14T00:00:00.000000000,Mouse,Accessories,4,49.13,0.15,West,Online,1343.0,167.04
10284,2024-02-14T00:00:00.000000000,Monitor,Electronics,8,391.62,0.15,North,Online,1756.0,2663.02
10285,2024-06-23T00:00:00.000000000,Monitor,Electronics,4,340.55,0.2,South,Online,1844.0,1089.76
10286,2024-08-02T00:00:00.000000000,Stand,Furniture,1,92.93,0.0,South,Store,1359.0,92.93
10287,2024-01-12T00:00:00.000000000,Phone,Electronics,9,665.94,0.0,North,Partner,1561.0,5993.46
10288,2024-09-07T00:00:00.000000000,Keyboard,Accessories,3,76.82,0.0,North,Online,1010.0,230.46
10289,2024-07-17T00:00:00.000000000,Keyboard,Accessories,1,77.58,0.0,North,Store,1306.0,77.58
10290,2024-01-05T00:00:00.000000000,Monitor,Electronics,6,309.82,0.15,North,Store,1595.0,1580.08
10291,2024-02-04T00:00:00.000000000,Cable,Accessories,3,13.16,0.2,South,Online,1197.0,31.58
10292,2024-06-14T00:00:00.000000000,Tablet,Electronics,8,524.07,0.0,South,Store,1991.0,4192.56
10293,2024-09-20T00:00:00.000000000,Stand,Furniture,4,93.15,0.15,North,Store,1971.0,316.71
10294,2024-10-28T00:00:00.000000000,Headphones,Accessories,1,156.28,0.05,South,Partner,1257.0,148.47
10295,2024-06-06T00:00:00.000000000,Keyboard,Accessories,9,67.62,0.0,North,Partner,1396.0,608.58
10296,2024-04-17T00:00:00.000000000,Keyboard,Accessories,5,74.89,0.2,West,Online,1189.0,299.56
10297,2024-12-19T00:00:00.000000000,Cable,Accessories,3,13.64,0.2,North,Online,1503.0,32.74
10298,2024-06-16T00:00:00.000000000,Monitor,Electronics,7,378.12,0.05,West,Online,1123.0,2514.5
10299,2024-04-25T00:00:00.000000000,Tablet,Electronics,5,552.99,,East,Online,1390.0,2488.46
10300,2024-06-10T00:00:00.000000000,Laptop,Electronics,1,923.08,0.0,West,Online,1555.0,923.08
10301,2024-01-05T00:00:00.000000000,Headphones,Accessories,7,156.5,0.15,East,Partner,1611.0,931.18
10302,2024-04-20T00:00:00.000000000,Cable,Accessories,4,13.33,0.05,South,Online,1596.0,50.65
10303,2024-07-07T00:00:00.000000000,Laptop,Electronics,7,931.61,0.2,East,Online,1221.0,5217.02
10304,2024-12-01T00:00:00.000000000,Cable,Accessories,9,13.37,0.0,South,Store,1792.0,120.33
10305,2024-09-26T00:00:00.000000000,Keyboard,Accessories,6,73.87,0.0,North,Online,1691.0,443.22
10306,2024-10-12T00:00:00.000000000,Phone,Electronics,7,735.64,0.2,South,Online,1753.0,4119.58
10307,2024-07-17T00:00:00.000000000,Headphones,Accessories,3,167.34,0.0,,Partner,1467.0,502.02
10308,2024-02-10T00:00:00.000000000,Keyboard,Accessories,3,71.95,0.0,North,Online,1892.0,215.85
10309,2024-05-22T00:00:00.000000000,Headphones,Accessories,4,150.88,0.15,North,Online,1389.0,512.99
10310,2024-12-29T00:00:00.000000000,Phone,Electronics,8,741.23,0.0,West,Online,1805.0,5929.84
10311,2024-01-17T00:00:00.000000000,Mouse,Accessories,5,55.66,0.05,East,Partner,1203.0,264.38
10312,2024-11-16T00:00:00.000000000,Mouse,Accessories,4,50.62,0.0,South,Online,1247.0,202.48
10313,2024-09-06T00:00:00.000000000,Phone,Electronics,8,647.65,0.0,West,Online,1526.0,5181.2
10314,2024-04-13T00:00:00.000000000,Tablet,Electronics,8,517.78,0.2,North,Online,1555.0,3313.79
10315,2024-10-10T00:00:00.000000000,Tablet,Electronics,9,472.13,0.0,South,Online,1746.0,4249.17
10316,2024-11-01T00:00:00.000000000,Mouse,Accessories,3,56.0,0.0,West,Partner,1297.0,168.0
10317,2024-01-16T00:00:00.000000000,Charger,Accessories,7,28.13,0.1,East,Online,1872.0,177.22
10318,2024-02-08T00:00:00.000000000,Charger,Accessories,6,30.61,0.2,South,Partner,1329.0,146.93
10319,2024-08-30T00:00:00.000000000,Stand,Furniture,5,76.27,0.0,South,Online,1534.0,381.35
10320,2024-12-30T00:00:00.000000000,Charger,Accessories,4,28.13,0.1,North,Online,1931.0,101.27
10321,2024-01-09T00:00:00.000000000,Headphones,Accessories,2,165.77,0.05,North,Partner,1539.0,314.96
10322,2024-08-30T00:00:00.000000000,Phone,Electronics,3,722.11,0.15,North,Online,1681.0,1841.38
10323,2024-02-19T00:00:00.000000000,Mouse,Accessories,5,48.18,0.0,West,Online,1908.0,240.9
10324,2024-08-25T00:00:00.000000000,Stand,Furniture,8,100.64,0.2,East,Partner,1974.0,644.1
10325,2024-08-15T00:00:00.000000000,Stand,Furniture,8,98.45,0.1,South,Online,1499.0,708.84
10326,2024-02-03T00:00:00.000000000,Tablet,Electronics,2,472.39,0.15,West,Online,1416.0,803.06
10327,2024-09-05T00:00:00.000000000,Tablet,Electronics,7,505.67,0.0,North,Partner,1196.0,3539.69
10328,2024-11-23T00:00:00.000000000,Laptop,Electronics,1,995.95,0.2,North,Online,1537.0,796.76
10329,2024-11-11T00:00:00.000000000,Phone,Electronics,7,726.72,0.1,South,Online,1918.0,4578.34
10330,2024-01-11T00:00:00.000000000,Keyboard,Accessories,4,75.07,0.0,West,Online,,300.28
10331,2024-03-30T00:00:00.000000000,Keyboard,Accessories,5,72.94,0.2,East,Online,1348.0,291.76
10332,2024-03-28T00:00:00.000000000,Headphones,Accessories,7,167.45,0.15,West,Online,1107.0,996.33
10333,2024-06-14T00:00:00.000000000,Headphones,Accessories,4,167.95,0.0,North,Store,1389.0,671.8
10334,2024-02-22T00:00:00.000000000,Cable,Accessories,8,16.54,,West,Online,1236.0,125.7
10335,2024-11-07T00:00:00.000000000,Monitor,Electronics,5,399.07,0.0,North,Store,1976.0,1995.35
10336,2024-10-10T00:00:00.000000000,Cable,Accessories,9,16.1,0.05,North,Online,1527.0,137.66
10337,2024-10-22T00:00:00.000000000,Stand,Furniture,6,96.07,0.2,East,Online,1136.0,461.14
10338,2024-03-13T00:00:00.000000000,Headphones,Accessories,3,160.74,0.2,North,Online,1067.0,385.78
10339,2024-01-06T00:00:00.000000000,Tablet,Electronics,7,496.1,0.0,West,Store,1850.0,3472.7
10340,2024-11-28T00:00:00.000000000,Stand,Furniture,4,87.84,0.2,West,Online,1931.0,281.09
10341,2024-04-15T00:00:00.000000000,Mouse,Accessories,5,45.18,0.05,East,Online,1763.0,214.6
10342,2024-08-27T00:00:00.000000000,Tablet,Electronics,2,520.68,0.1,South,Partner,1123.0,937.22
10343,2024-11-27T00:00:00.000000000,Mouse,Accessories,2,45.9,0.15,North,Store,1098.0,78.03
10344,2024-01-14T00:00:00.000000000,Keyboard,Accessories,6,73.26,0.05,East,Online,1197.0,417.58
10345,2024-01-02T00:00:00.000000000,Stand,Furniture,2,91.3,0.05,East,Partner,1751.0,173.47
10346,2024-01-02T00:00:00.000000000,Tablet,Electronics,9,485.52,0.05,West,Online,1765.0,4151.2
10347,2024-02-27T00:00:00.000000000,Stand,Furniture,8,81.49,0.2,East,Online,1837.0,521.54
10348,2024-01-19T00:00:00.000000000,Stand,Furniture,7,97.44,0.0,North,Online,1096.0,682.08
10349,2024-10-26T00:00:00.000000000,Phone,Electronics,7,774.61,0.0,North,Online,1153.0,5422.27
10350,2024-08-09T00:00:00.000000000,Phone,Electronics,6,629.32,0.0,West,Online,1900.0,3775.92
10351,2024-12-23T00:00:00.000000000,Keyboard,Accessories,1,67.33,0.0,North,Store,1928.0,67.33
10352,2024-10-19T00:00:00.000000000,Laptop,Electronics,4,949.89,0.0,West,Online,1725.0,3799.56
10353,2024-12-17T00:00:00.000000000,Tablet,Electronics,5,543.54,0.0,North,Store,1106.0,2717.7
10354,2024-03-28T00:00:00.000000000,Monitor,Electronics,9,384.51,0.0,,Partner,1068.0,3460.59
10355,2024-04-15T00:00:00.000000000,Stand,Furniture,2,79.34,0.15,West,Store,1055.0,134.88
10356,2024-11-06T00:00:00.000000000,Stand,Furniture,5,96.32,0.0,South,Store,1691.0,481.6
10357,2024-03-30T00:00:00.000000000,Phone,Electronics,4,618.41,0.05,North,Store,1845.0,2349.96
10358,2024-01-21T00:00:00.000000000,Cable,Accessories,2,14.51,0.15,West,Partner,1631.0,24.67
10359,2024-09-01T00:00:00.000000000,Laptop,Electronics,1,1148.43,0.15,North,Online,1262.0,976.17
10360,2024-10-19T00:00:00.000000000,Charger,Accessories,4,26.33,0.05,East,Online,1757.0,100.05
10361,2024-12-19T00:00:00.000000000,Cable,Accessories,1,13.44,0.0,West,Online,1059.0,13.44
10362,2024-12-04T00:00:00.000000000,Cable,Accessories,1,14.65,0.2,East,Online,1828.0,11.72
10363,2024-02-13T00:00:00.000000000,Tablet,Electronics,4,516.91,0.15,North,Online,1891.0,1757.49
10364,2024-10-08T00:00:00.000000000,Cable,Accessories,2,16.95,0.1,West,Store,1718.0,30.51
10365,2024-11-04T00:00:00.000000000,Phone,Electronics,5,799.83,0.0,North,Online,1879.0,3999.15
10366,2024-09-11T00:00:00.000000000,Keyboard,Accessories,1,68.8,0.0,East,Partner,1586.0,68.8
10367,2024-10-26T00:00:00.000000000,Monitor,Electronics,3,311.1,0.0,East,Online,1468.0,933.3
10368,2024-11-01T00:00:00.000000000,Headphones,Accessories,5,162.0,0.0,South,Online,1322.0,810.0
10369,2024-06-11T00:00:00.000000000,Laptop,Electronics,9,930.26,0.2,South,Online,1921.0,6697.87
10370,2024-01-15T00:00:00.000000000,Charger,Accessories,6,32.35,0.0,North,Online,1697.0,194.1
10371,2024-06-15T00:00:00.000000000,Headphones,Accessories,8,156.31,0.0,West,Online,1190.0,1250.48
10372,2024-03-14T00:00:00.000000000,Mouse,Accessories,4,43.29,0.2,North,Online,1956.0,138.53
10373,2024-02-11T00:00:00.000000000,Monitor,Electronics,5,383.82,0.15,South,Online,1059.0,1631.24
10374,2024-02-15T00:00:00.000000000,Headphones,Accessories,4,134.53,0.0,East,Online,1587.0,538.12
10375,2024-09-11T00:00:00.000000000,Cable,Accessories,8,14.66,0.0,East,Online,1190.0,117.28
10376,2024-07-03T00:00:00.000000000,Laptop,Electronics,9,1014.64,0.05,East,Online,1664.0,8675.17
10377,2024-07-16T00:00:00.000000000,Charger,Accessories,9,29.01,0.1,East,Online,1412.0,234.98
10378,2024-09-28T00:00:00.000000000,Charger,Accessories,7,30.62,0.2,East,Online,1437.0,171.47
10379,2024-07-19T00:00:00.000000000,Headphones,Accessories,5,155.83,0.2,,Online,1671.0,623.32
10380,2024-08-17T00:00:00.000000000,Tablet,Electronics,5,572.66,0.2,South,Online,1756.0,2290.64
10381,2024-02-01T00:00:00.000000000,Laptop,Electronics,9,1148.68,0.0,West,Online,1380.0,10338.12
10382,2024-11-06T00:00:00.000000000,Stand,Furniture,3,89.44,0.0,West,Store,1997.0,268.32
10383,2024-06-12T00:00:00.000000000,Stand,Furniture,4,78.19,0.05,West,Partner,1498.0,297.12
10384,2024-02-26T00:00:00.000000000,Tablet,Electronics,9,533.11,0.0,West,Partner,1160.0,4797.99
10385,2024-10-23T00:00:00.000000000,Laptop,Electronics,4,1141.86,0.0,West,Online,1006.0,4567.44
10386,2024-09-25T00:00:00.000000000,Phone,Electronics,3,660.9,0.0,North,Online,1202.0,1982.7
10387,2024-01-20T00:00:00.000000000,Laptop,Electronics,6,987.37,0.2,West,Online,1691.0,4739.38
10388,2024-03-11T00:00:00.000000000,Cable,Accessories,3,14.66,0.0,East,Store,1539.0,43.98
10389,2024-01-06T00:00:00.000000000,Cable,Accessories,9,12.98,0.0,South,Store,1337.0,116.82
10390,2024-04-08T00:00:00.000000000,Phone,Electronics,9,735.12,0.0,East,Store,1481.0,6616.08
10391,2024-02-06T00:00:00.000000000,Charger,Accessories,3,27.72,0.0,South,Partner,1838.0,83.16
10392,2024-09-16T00:00:00.000000000,Phone,Electronics,5,759.28,0.05,East,Online,1571.0,3606.58
10393,2024-07-09T00:00:00.000000000,Headphones,Accessories,9,163.85,0.0,West,Store,1058.0,1474.65
10394,2024-12-23T00:00:00.000000000,Keyboard,Accessories,7,86.61,0.2,North,Store,1049.0,485.02
10395,2024-09-30T00:00:00.000000000,Charger,Accessories,2,28.27,0.0,South,Online,1482.0,56.54
10396,2024-08-11T00:00:00.000000000,Cable,Accessories,6,14.2,0.05,West,Partner,1404.0,80.94
10397,2024-07-04T00:00:00.000000000,Laptop,Electronics,6,1073.57,0.1,South,Online,1850.0,5797.28
10398,2024-01-20T00:00:00.000000000,Phone,Electronics,6,762.2,0.1,West,Partner,1582.0,4115.88
10399,2024-01-26T00:00:00.000000000,Tablet,Electronics,1,497.69,0.15,North,Store,1756.0,423.04
10400,2024-08-12T00:00:00.000000000,Headphones,Accessories,3,166.57,0.0,East,Online,1585.0,499.71
10401,2024-01-02T00:00:00.000000000,Stand,Furniture,8,79.49,0.05,West,Store,1345.0,604.12
10402,2024-01-16T00:00:00.000000000,Charger,Accessories,3,32.3,0.15,West,Online,1657.0,82.36
10403,2024-03-20T00:00:00.000000000,Headphones,Accessories,3,130.95,0.2,North,Store,1621.0,314.28
10404,2024-11-18T00:00:00.000000000,Stand,Furniture,3,79.75,0.1,West,Store,1720.0,215.32
10405,2024-06-16T00:00:00.000000000,Monitor,Electronics,2,352.54,0.1,South,Store,1189.0,634.57
10406,2024-09-15T00:00:00.000000000,Keyboard,Accessories,2,68.75,0.2,South,Partner,1641.0,110.0
10407,2024-05-30T00:00:00.000000000,Monitor,Electronics,4,302.18,0.1,South,Online,1285.0,1087.85
10408,2024-03-04T00:00:00.000000000,Phone,Electronics,8,594.26,0.2,East,Online,1790.0,3803.26
10409,2024-05-15T00:00:00.000000000,Stand,Furniture,1,87.3,0.0,East,Online,,87.3
10410,2024-02-03T00:00:00.000000000,Laptop,Electronics,3,1081.3,0.0,South,Online,1624.0,3243.9
10411,2024-10-08T00:00:00.000000000,Phone,Electronics,1,601.46,0.0,North,Online,1946.0,601.46
10412,2024-03-07T00:00:00.000000000,Tablet,Electronics,6,521.79,0.0,West,Online,1537.0,3130.74
10413,2024-05-17T00:00:00.000000000,Tablet,Electronics,3,547.37,0.05,North,Online,1025.0,1560.0
10414,2024-12-23T00:00:00.000000000,Phone,Electronics,8,629.38,0.0,North,Online,1606.0,5035.04
10415,2024-08-04T00:00:00.000000000,Laptop,Electronics,6,893.17,0.0,East,Partner,1777.0,5359.02
10416,2024-06-16T00:00:00.000000000,Mouse,Accessories,8,54.3,0.05,South,Online,1101.0,412.68
10417,2024-07-17T00:00:00.000000000,Stand,Furniture,6,97.63,0.1,East,Partner,1104.0,527.2
10418,2024-10-13T00:00:00.000000000,Phone,Electronics,4,707.17,0.2,West,Online,1273.0,2262.94
10419,2024-04-02T00:00:00.000000000,Tablet,Electronics,8,546.78,0.15,North,Online,1844.0,51048.0
10420,2024-08-20T00:00:00.000000000,Keyboard,Accessories,5,69.35,0.0,,Online,1527.0,346.75
10421,2024-11-14T00:00:00.000000000,Stand,Furniture,9,86.18,0.0,East,Online,1976.0,775.62
10422,2024-07-27T00:00:00.000000000,Mouse,Accessories,9,52.5,0.15,West,Online,1872.0,401.62
10423,2024-06-11T00:00:00.000000000,Charger,Accessories,6,26.89,0.0,East,Online,1554.0,161.34
10424,2024-02-22T00:00:00.000000000,Keyboard,Accessories,7,84.98,0.05,South,Online,1679.0,565.12
10425,2024-03-31T00:00:00.000000000,Monitor,Electronics,3,349.44,0.0,East,Online,1331.0,1048.32
10426,2024-12-11T00:00:00.000000000,Phone,Electronics,8,751.48,0.0,West,Store,1090.0,6011.84
10427,2024-07-16T00:00:00.000000000,Cable,Accessories,7,14.84,0.1,South,Online,1398.0,93.49
10428,2024-04-19T00:00:00.000000000,Cable,Accessories,9,14.41,0.0,West,Store,1592.0,129.69
10429,2024-06-01T00:00:00.000000000,Laptop,Electronics,3,914.84,0.0,West,Online,1182.0,2744.52
10430,2024-07-29T00:00:00.000000000,Charger,Accessories,8,26.46,0.1,South,Partner,1221.0,190.51
10431,2024-07-15T00:00:00.000000000,Laptop,Electronics,5,1074.37,0.0,North,Store,1014.0,5371.85
10432,2024-09-12T00:00:00.000000000,Charger,Accessories,2,25.68,0.1,West,Partner,1734.0,46.22
10433,2024-04-03T00:00:00.000000000,Cable,Accessories,2,13.14,0.0,North,Store,1899.0,26.28
10434,2024-08-24T00:00:00.000000000,Phone,Electronics,6,631.12,0.05,South,Online,1827.0,3597.38
10435,2024-06-10T00:00:00.000000000,Monitor,Electronics,3,315.01,0.15,North,Online,1379.0,803.28
10436,2024-12-09T00:00:00.000000000,Phone,Electronics,1,766.76,0.0,East,Online,1593.0,766.76
10437,2024-02-27T00:00:00.000000000,Keyboard,Accessories,4,76.59,0.15,South,Store,1960.0,260.41
10438,2024-02-24T00:00:00.000000000,Stand,Furniture,6,102.09,0.15,East,Store,1591.0,520.66
10439,2024-06-17T00:00:00.000000000,Laptop,Electronics,3,890.27,0.2,West,Online,1295.0,2136.65
10440,2024-07-04T00:00:00.000000000,Headphones,Accessories,9,155.86,0.0,West,Partner,1338.0,1402.74
10441,2024-09-09T00:00:00.000000000,Stand,Furniture,8,87.63,0.15,West,Online,1727.0,595.88
10442,2024-05-27T00:00:00.000000000,Headphones,Accessories,5,144.21,0.2,North,Store,1446.0,576.84
10443,2024-11-29T00:00:00.000000000,Phone,Electronics,9,777.66,0.15,South,Store,1837.0,5949.1
10444,2024-06-22T00:00:00.000000000,Monitor,Electronics,4,398.79,0.0,North,Online,1864.0,1595.16
10445,2024-02-17T00:00:00.000000000,Keyboard,Accessories,2,87.84,0.15,West,Store,1035.0,149.33
10446,2024-02-13T00:00:00.000000000,Mouse,Accessories,1,44.48,0.0,East,Store,1723.0,44.48
10447,2024-12-21T00:00:00.000000000,Headphones,Accessories,9,136.52,0.1,South,Online,1369.0,1105.81
10448,2024-02-18T00:00:00.000000000,Stand,Furniture,9,93.17,0.05,East,Online,1519.0,796.6
10449,2024-12-11T00:00:00.000000000,Keyboard,Accessories,7,74.0,0.05,East,Online,1264.0,492.1
10450,2024-04-11T00:00:00.000000000,Tablet,Electronics,1,534.14,0.05,South,Store,1368.0,507.43
10451,2024-02-04T00:00:00.000000000,Stand,Furniture,3,90.77,0.0,South,Online,1330.0,272.31
10452,2024-04-21T00:00:00.000000000,Stand,Furniture,1,90.36,0.05,North,Partner,1050.0,85.84
10453,2024-08-12T00:00:00.000000000,Monitor,Electronics,1,383.4,0.2,South,Partner,1782.0,306.72
10454,2024-06-05T00:00:00.000000000,Laptop,Electronics,3,1062.1,0.05,South,Online,1143.0,3026.98
10455,2024-10-13T00:00:00.000000000,Keyboard,Accessories,6,67.78,0.0,West,Online,1375.0,406.68
10456,2024-08-11T00:00:00.000000000,Keyboard,Accessories,1,68.32,0.2,West,Store,1193.0,54.66
10457,2024-05-26T00:00:00.000000000,Phone,Electronics,9,720.3,0.0,West,Store,1160.0,6482.7
10458,2024-08-19T00:00:00.000000000,Mouse,Accessories,5,48.8,0.05,North,Online,1373.0,231.8
10459,2024-12-20T00:00:00.000000000,Cable,Accessories,3,13.92,0.05,West,Online,1918.0,39.67
10460,2024-05-30T00:00:00.000000000,Phone,Electronics,5,681.94,0.05,South,Online,1944.0,3239.22
10461,2024-02-26T00:00:00.000000000,Charger,Accessories,8,31.24,0.2,South,Partner,1381.0,199.94
10462,2024-05-29T00:00:00.000000000,Phone,Electronics,3,767.49,0.0,West,Online,1505.0,2302.47
10463,2024-11-02T00:00:00.000000000,Charger,Accessories,1,29.53,0.2,West,Partner,1985.0,23.62
10464,2024-03-20T00:00:00.000000000,Monitor,Electronics,1,337.0,0.0,North,Online,1234.0,337.0
10465,2024-12-12T00:00:00.000000000,Laptop,Electronics,8,930.28,0.15,South,Partner,1944.0,6325.9
10466,2024-08-02T00:00:00.000000000,Stand,Furniture,2,89.59,0.1,East,Online,1105.0,161.26
10467,2024-08-07T00:00:00.000000000,Phone,Electronics,6,660.15,0.0,,Online,1225.0,3960.9
10468,2024-04-25T00:00:00.000000000,Keyboard,Accessories,4,80.52,0.0,South,Partner,1338.0,322.08
10469,2024-12-01T00:00:00.000000000,Phone,Electronics,7,736.04,0.15,East,Partner,1037.0,4379.44
10470,2024-01-14T00:00:00.000000000,Stand,Furniture,1,77.41,,West,Online,1815.0,69.67
10471,2024-04-19T00:00:00.000000000,Charger,Accessories,9,24.66,0.1,North,Online,1855.0,199.75
10472,2024-06-01T00:00:00.000000000,Cable,Accessories,7,13.71,0.0,East,Online,1383.0,95.97
10473,2024-06-23T00:00:00.000000000,Monitor,Electronics,5,390.31,0.1,East,Online,1836.0,1756.4
10474,2024-06-22T00:00:00.000000000,Monitor,Electronics,2,364.32,0.2,West,Online,1772.0,582.91
10475,2024-02-23T00:00:00.000000000,Mouse,Accessories,9,44.18,0.0,South,Partner,1801.0,397.62
10476,2024-03-23T00:00:00.000000000,Charger,Accessories,3,32.4,0.05,North,Online,1802.0,92.34
10477,2024-02-04T00:00:00.000000000,Cable,Accessories,5,14.86,0.05,East,Store,1573.0,70.58
10478,2024-07-27T00:00:00.000000000,Laptop,Electronics,4,991.83,0.2,East,Online,1110.0,3173.86
10479,2024-05-08T00:00:00.000000000,Mouse,Accessories,3,55.4,0.0,South,Online,1923.0,166.2
10480,2024-07-25T00:00:00.000000000,Phone,Electronics,4,606.62,0.05,West,Store,1608.0,2305.16
10481,2024-08-03T00:00:00.000000000,Tablet,Electronics,2,456.36,0.15,West,Online,1901.0,775.81
10482,2024-09-13T00:00:00.000000000,Cable,Accessories,1,15.39,0.0,North,Store,1959.0,15.39
10483,2024-07-18T00:00:00.000000000,Tablet,Electronics,3,453.41,0.15,West,Online,1187.0,1156.2
10484,2024-08-24T00:00:00.000000000,Charger,Accessories,2,30.56,0.15,North,Partner,1402.0,51.95
10485,2024-08-02T00:00:00.000000000,Monitor,Electronics,4,319.07,0.15,South,Store,1192.0,1084.84
10486,2024-08-26T00:00:00.000000000,Tablet,Electronics,8,438.99,0.1,North,Partner,1050.0,3160.73
10487,2024-08-13T00:00:00.000000000,Headphones,Accessories,2,135.9,0.15,South,Online,1966.0,231.03
10488,2024-04-25T00:00:00.000000000,Keyboard,Accessories,1,77.17,0.15,West,Online,1923.0,65.59
10489,2024-03-30T00:00:00.000000000,Charger,Accessories,1,26.18,0.2,South,Online,1931.0,20.94
10490,2024-10-14T00:00:00.000000000,Mouse,Accessories,5,43.63,0.0,East,Online,1883.0,218.15
10491,2024-05-05T00:00:00.000000000,Stand,Furniture,3,98.62,0.05,North,Online,1648.0,281.07
10492,2024-07-19T00:00:00.000000000,Cable,Accessories,5,14.19,0.1,East,Online,1522.0,63.86
10493,2024-03-12T00:00:00.000000000,Charger,Accessories,1,27.79,0.0,South,Online,1991.0,27.79
10494,2024-06-06T00:00:00.000000000,Mouse,Accessories,3,42.46,0.15,East,Online,1552.0,108.27
10495,2024-07-12T00:00:00.000000000,Tablet,Electronics,4,477.65,0.15,West,Online,1642.0,1624.01
10496,2024-08-16T00:00:00.000000000,Monitor,Electronics,4,324.38,0.1,East,Online,1211.0,1167.77
10497,2024-07-11T00:00:00.000000000,Phone,Electronics,5,722.17,0.0,North,Online,1746.0,3610.85
10498,2024-05-11T00:00:00.000000000,Headphones,Accessories,8,135.83,0.0,South,Store,1819.0,1086.64
10499,2024-12-17T00:00:00.000000000,Stand,Furniture,5,99.37,0.05,North,Online,1678.0,472.01
10500,2024-07-06T00:00:00.000000000,Monitor,Electronics,8,393.99,0.1,South,Online,1498.0,2836.73
